Paradigm,stat,pval
Inbound14,-1.826,0.0790
Outbound14,-5.984,0.00000257
Inbound21,-0.616,0.551
Outbound21,-3.730,0.000390